"Gene","Non-unique Gene name","Annotation","No. isolates","No. sequences","Avg sequences per isolate","Genome Fragment","Order within Fragment","Accessory Fragment","Accessory Order with Fragment","QC","Min group size nuc","Max group size nuc","Avg group size nuc","FAM1213_1K","FAM1450_1K","FAM19191_1K","FAM22076_1K","FAM23285_1K","FAM8102_1K"
"bceA","","Bacitracin export ATP-binding protein BceA","3","3","1","117","1","121","2","Investigate","749","749","749","","","FAM19191_1K_01675","","FAM23285_1K_01690","FAM8102_1K_01747"
"bglH_3","","Aryl-phospho-beta-D-glucosidase BglH","3","3","1","101","1","90","1","Investigate","581","581","581","","","FAM19191_1K_02042","","FAM23285_1K_02098","FAM8102_1K_02139"
"eno","","Enolase","3","3","1","102","2","94","1","Investigate","1286","1286","1286","","","FAM19191_1K_01596","","FAM23285_1K_01528","FAM8102_1K_01646"
"epsE_1","","Putative glycosyltransferase EpsE","3","3","1","160","2","160","9","","812","812","812","","","FAM19191_1K_01566","","FAM23285_1K_01710","FAM8102_1K_01755"
"epsE_2","","Putative glycosyltransferase EpsE","3","3","1","160","4","160","7","","821","821","821","","","FAM19191_1K_01568","","FAM23285_1K_01712","FAM8102_1K_01757"
"epsJ","","putative glycosyltransferase EpsJ","3","3","1","94","2","120","2","Investigate","962","962","962","","","FAM19191_1K_02060","","FAM23285_1K_02154","FAM8102_1K_02188"
"fabF_2","","3-oxoacyl-[acyl-carrier-protein] synthase 2","3","3","1","91","1","124","1","Investigate","785","785","785","","","FAM19191_1K_02161","","FAM23285_1K_02233","FAM8102_1K_02254"
"glpK_2","","Glycerol kinase","3","3","1","148","2","147","3","","398","398","398","","","FAM19191_1K_00803","","FAM23285_1K_01758","FAM8102_1K_01854"
"group_112","","hypothetical protein","3","3","1","146","2","141","2","","311","311","311","","","FAM19191_1K_01048","","FAM23285_1K_02215","FAM8102_1K_01174"
"group_1355","","hypothetical protein","3","3","1","135","1","135","1","Investigate","233","233","233","","","FAM19191_1K_01981","","FAM23285_1K_01996","FAM8102_1K_01807"
"group_1356","","hypothetical protein","3","3","1","106","1","108","1","Investigate","233","233","233","","","FAM19191_1K_02191","","FAM23285_1K_02276","FAM8102_1K_02288"
"group_138","","hypothetical protein","3","3","1","145","2","140","3","","749","929","809","","","FAM19191_1K_01276","","FAM23285_1K_01408","FAM8102_1K_01317"
"group_139","","hypothetical protein","3","3","1","164","2","164","9","","371","371","371","","","FAM19191_1K_00571","","FAM23285_1K_00772","FAM8102_1K_00703"
"dppE","","hypothetical protein","3","3","1","","","","","","203","1361","589","","","FAM19191_1K_02004","","FAM23285_1K_02023","FAM8102_1K_02084"
"group_149","","hypothetical protein","3","3","1","168","123","168","62","","473","473","473","","","FAM19191_1K_00091","","FAM23285_1K_00082","FAM8102_1K_00091"
"group_15","","hypothetical protein","3","3","1","108","1","102","1","Investigate","476","761","571","","","FAM19191_1K_01950","","FAM23285_1K_02007","FAM8102_1K_02060"
"group_153","","hypothetical protein","3","3","1","168","124","168","61","","563","563","563","","","FAM19191_1K_00090","","FAM23285_1K_00081","FAM8102_1K_00090"
"group_156","","hypothetical protein","3","3","1","156","9","157","3","","476","476","476","","","FAM19191_1K_01077","","FAM23285_1K_01339","FAM8102_1K_01330"
"group_220","","hypothetical protein","3","3","1","162","4","162","7","","779","779","779","","","FAM19191_1K_00620","","FAM23285_1K_00612","FAM8102_1K_00751"
"group_2292","","hypothetical protein","3","3","1","168","1","168","1","","179","179","179","","","FAM19191_1K_00006","","FAM23285_1K_01929","FAM8102_1K_00006"
"group_2293","","hypothetical protein","3","3","1","168","4","168","4","","875","875","875","","","FAM19191_1K_00009","","FAM23285_1K_00001","FAM8102_1K_00009"
"group_2294","","hypothetical protein","3","3","1","168","5","168","5","","404","404","404","","","FAM19191_1K_00010","","FAM23285_1K_00002","FAM8102_1K_00010"
"group_2295","","hypothetical protein","3","3","1","168","6","168","6","","386","386","386","","","FAM19191_1K_00011","","FAM23285_1K_00003","FAM8102_1K_00011"
"group_2296","","hypothetical protein","3","3","1","168","7","168","7","","209","209","209","","","FAM19191_1K_00012","","FAM23285_1K_00004","FAM8102_1K_00012"
"group_2297","","hypothetical protein","3","3","1","168","8","168","8","","806","806","806","","","FAM19191_1K_00013","","FAM23285_1K_00005","FAM8102_1K_00013"
"group_2298","","hypothetical protein","3","3","1","168","9","168","9","","299","299","299","","","FAM19191_1K_00014","","FAM23285_1K_00006","FAM8102_1K_00014"
"group_2299","","hypothetical protein","3","3","1","168","10","168","10","","476","476","476","","","FAM19191_1K_00017","","FAM23285_1K_00008","FAM8102_1K_00017"
"group_2300","","hypothetical protein","3","3","1","168","11","168","11","","350","350","350","","","FAM19191_1K_00018","","FAM23285_1K_00009","FAM8102_1K_00018"
"group_2301","","hypothetical protein","3","3","1","168","12","168","12","","344","344","344","","","FAM19191_1K_00019","","FAM23285_1K_00010","FAM8102_1K_00019"
"group_2302","","hypothetical protein","3","3","1","168","13","168","13","","1271","1271","1271","","","FAM19191_1K_00020","","FAM23285_1K_00011","FAM8102_1K_00020"
"group_2303","","hypothetical protein","3","3","1","168","14","168","14","","179","179","179","","","FAM19191_1K_00021","","FAM23285_1K_00012","FAM8102_1K_00021"
"group_2304","","hypothetical protein","3","3","1","168","15","168","15","","317","317","317","","","FAM19191_1K_00022","","FAM23285_1K_00013","FAM8102_1K_00022"
"group_2305","","hypothetical protein","3","3","1","168","16","168","16","","203","203","203","","","FAM19191_1K_00023","","FAM23285_1K_00014","FAM8102_1K_00023"
"group_2306","","hypothetical protein","3","3","1","168","17","168","17","","761","761","761","","","FAM19191_1K_00024","","FAM23285_1K_00015","FAM8102_1K_00024"
"group_2307","","hypothetical protein","3","3","1","168","18","168","18","","587","587","587","","","FAM19191_1K_00025","","FAM23285_1K_00016","FAM8102_1K_00025"
"group_2308","","hypothetical protein","3","3","1","168","19","168","19","","302","302","302","","","FAM19191_1K_00026","","FAM23285_1K_00017","FAM8102_1K_00026"
"group_2309","","hypothetical protein","3","3","1","168","20","168","20","","803","803","803","","","FAM19191_1K_00027","","FAM23285_1K_00018","FAM8102_1K_00027"
"group_2310","","hypothetical protein","3","3","1","168","21","168","21","","317","317","317","","","FAM19191_1K_00029","","FAM23285_1K_00020","FAM8102_1K_00029"
"group_2311","","hypothetical protein","3","3","1","168","22","168","22","","1322","1322","1322","","","FAM19191_1K_00030","","FAM23285_1K_00021","FAM8102_1K_00030"
"group_2312","","hypothetical protein","3","3","1","168","23","168","23","","245","245","245","","","FAM19191_1K_00031","","FAM23285_1K_00022","FAM8102_1K_00031"
"group_2313","","hypothetical protein","3","3","1","168","24","168","24","","338","338","338","","","FAM19191_1K_00032","","FAM23285_1K_00023","FAM8102_1K_00032"
"group_2314","","hypothetical protein","3","3","1","168","25","168","25","","194","194","194","","","FAM19191_1K_00033","","FAM23285_1K_00024","FAM8102_1K_00033"
"group_2315","","hypothetical protein","3","3","1","168","26","168","26","","530","530","530","","","FAM19191_1K_00034","","FAM23285_1K_00025","FAM8102_1K_00034"
"group_2316","","hypothetical protein","3","3","1","168","27","168","27","","440","440","440","","","FAM19191_1K_00036","","FAM23285_1K_00027","FAM8102_1K_00036"
"group_2317","","hypothetical protein","3","3","1","168","28","168","28","","221","221","221","","","FAM19191_1K_00037","","FAM23285_1K_00028","FAM8102_1K_00037"
"group_2318","","hypothetical protein","3","3","1","168","29","168","29","","503","503","503","","","FAM19191_1K_00039","","FAM23285_1K_00030","FAM8102_1K_00039"
"group_2319","","hypothetical protein","3","3","1","168","30","168","30","","1223","1223","1223","","","FAM19191_1K_00040","","FAM23285_1K_00031","FAM8102_1K_00040"
"group_2320","","hypothetical protein","3","3","1","168","31","168","31","","1466","1466","1466","","","FAM19191_1K_00041","","FAM23285_1K_00032","FAM8102_1K_00041"
"group_2321","","hypothetical protein","3","3","1","168","32","168","32","","1085","1085","1085","","","FAM19191_1K_00042","","FAM23285_1K_00033","FAM8102_1K_00042"
"group_2322","","hypothetical protein","3","3","1","168","33","168","33","","176","176","176","","","FAM19191_1K_00043","","FAM23285_1K_00034","FAM8102_1K_00043"
"group_2323","","hypothetical protein","3","3","1","168","34","168","34","","539","539","539","","","FAM19191_1K_00044","","FAM23285_1K_00035","FAM8102_1K_00044"
"group_2324","","hypothetical protein","3","3","1","168","35","168","35","","1076","1076","1076","","","FAM19191_1K_00045","","FAM23285_1K_00036","FAM8102_1K_00045"
"group_2325","","hypothetical protein","3","3","1","168","36","168","36","","371","371","371","","","FAM19191_1K_00046","","FAM23285_1K_00037","FAM8102_1K_00046"
"group_2326","","hypothetical protein","3","3","1","168","37","168","37","","362","362","362","","","FAM19191_1K_00047","","FAM23285_1K_00038","FAM8102_1K_00047"
"group_2327","","hypothetical protein","3","3","1","168","38","168","38","","401","401","401","","","FAM19191_1K_00048","","FAM23285_1K_00039","FAM8102_1K_00048"
"group_2328","","hypothetical protein","3","3","1","168","39","168","39","","425","425","425","","","FAM19191_1K_00049","","FAM23285_1K_00040","FAM8102_1K_00049"
"group_2329","","hypothetical protein","3","3","1","168","40","168","40","","203","203","203","","","FAM19191_1K_00050","","FAM23285_1K_00041","FAM8102_1K_00050"
"group_2330","","hypothetical protein","3","3","1","168","41","168","41","","1457","1457","1457","","","FAM19191_1K_00051","","FAM23285_1K_00042","FAM8102_1K_00051"
"group_2331","","hypothetical protein","3","3","1","168","42","168","42","","473","473","473","","","FAM19191_1K_00052","","FAM23285_1K_00043","FAM8102_1K_00052"
"group_2332","","hypothetical protein","3","3","1","168","43","168","43","","416","416","416","","","FAM19191_1K_00053","","FAM23285_1K_00044","FAM8102_1K_00053"
"group_2333","","hypothetical protein","3","3","1","168","44","168","44","","3029","3029","3029","","","FAM19191_1K_00054","","FAM23285_1K_00045","FAM8102_1K_00054"
"group_2334","","hypothetical protein","3","3","1","168","45","168","45","","692","692","692","","","FAM19191_1K_00055","","FAM23285_1K_00046","FAM8102_1K_00055"
"group_2335","","hypothetical protein","3","3","1","168","46","168","46","","1067","1067","1067","","","FAM19191_1K_00056","","FAM23285_1K_00047","FAM8102_1K_00056"
"group_2336","","hypothetical protein","3","3","1","168","47","168","47","","344","344","344","","","FAM19191_1K_00057","","FAM23285_1K_00048","FAM8102_1K_00057"
"group_2337","","hypothetical protein","3","3","1","168","48","168","48","","449","449","449","","","FAM19191_1K_00058","","FAM23285_1K_00049","FAM8102_1K_00058"
"group_2338","","hypothetical protein","3","3","1","168","136","168","49","","1145","1145","1145","","","FAM19191_1K_00059","","FAM23285_1K_00050","FAM8102_1K_00059"
"group_2339","","hypothetical protein","3","3","1","168","135","168","50","","674","674","674","","","FAM19191_1K_00060","","FAM23285_1K_00051","FAM8102_1K_00060"
"group_2340","","hypothetical protein","3","3","1","168","134","168","51","","1418","1418","1418","","","FAM19191_1K_00061","","FAM23285_1K_00052","FAM8102_1K_00061"
"group_2341","","hypothetical protein","3","3","1","168","133","168","52","","866","866","866","","","FAM19191_1K_00062","","FAM23285_1K_00053","FAM8102_1K_00062"
"group_2342","","hypothetical protein","3","3","1","168","132","168","53","","728","728","728","","","FAM19191_1K_00063","","FAM23285_1K_00054","FAM8102_1K_00063"
"group_2343","","hypothetical protein","3","3","1","168","131","168","54","","173","173","173","","","FAM19191_1K_00064","","FAM23285_1K_00055","FAM8102_1K_00064"
"group_2344","","hypothetical protein","3","3","1","168","130","168","55","","404","404","404","","","FAM19191_1K_00065","","FAM23285_1K_00056","FAM8102_1K_00065"
"group_2345","","hypothetical protein","3","3","1","168","129","168","56","","281","281","281","","","FAM19191_1K_00066","","FAM23285_1K_00057","FAM8102_1K_00066"
"group_2346","","hypothetical protein","3","3","1","168","128","168","57","","239","239","239","","","FAM19191_1K_00067","","FAM23285_1K_00058","FAM8102_1K_00067"
"group_2347","","hypothetical protein","3","3","1","168","127","168","58","","389","389","389","","","FAM19191_1K_00068","","FAM23285_1K_00059","FAM8102_1K_00068"
"group_2348","","Lhv_2053 Lysin (L.crispatus) pseudogene in L.helveticus","3","3","1","168","126","168","59","","1121","1121","1121","","","FAM19191_1K_00069","","FAM23285_1K_00060","FAM8102_1K_00069"
"group_2349","","hypothetical protein","3","3","1","168","125","168","60","","200","200","200","","","FAM19191_1K_00070","","FAM23285_1K_00061","FAM8102_1K_00070"
"group_2350","","hypothetical protein","3","3","1","155","5","155","5","","149","149","149","","","FAM19191_1K_00117","","FAM23285_1K_00184","FAM8102_1K_00192"
"group_2351","","hypothetical protein","3","3","1","155","4","155","4","","341","341","341","","","FAM19191_1K_00135","","FAM23285_1K_00202","FAM8102_1K_00210"
"group_2352","","hypothetical protein","3","3","1","155","3","155","3","","131","131","131","","","FAM19191_1K_00163","","FAM23285_1K_00230","FAM8102_1K_00238"
"group_2353","","hypothetical protein","3","3","1","155","2","155","2","","401","401","401","","","FAM19191_1K_00166","","FAM23285_1K_00233","FAM8102_1K_00241"
"group_2354","","hypothetical protein","3","3","1","155","1","155","1","","791","791","791","","","FAM19191_1K_00167","","FAM23285_1K_00234","FAM8102_1K_00242"
"group_2355","","hypothetical protein","3","3","1","166","2","166","11","","1106","1106","1106","","","FAM19191_1K_00213","","FAM23285_1K_01213","FAM8102_1K_00315"
"group_2356","","hypothetical protein","3","3","1","166","3","166","12","","1136","1136","1136","","","FAM19191_1K_00214","","FAM23285_1K_01212","FAM8102_1K_00314"
"group_2357","","hypothetical protein","3","3","1","166","4","166","13","","401","401","401","","","FAM19191_1K_00215","","FAM23285_1K_01211","FAM8102_1K_00313"
"group_2358","","hypothetical protein","3","3","1","166","5","166","14","","353","353","353","","","FAM19191_1K_00216","","FAM23285_1K_01210","FAM8102_1K_00312"
"group_2359","","hypothetical protein","3","3","1","166","6","166","15","","206","206","206","","","FAM19191_1K_00217","","FAM23285_1K_01209","FAM8102_1K_00311"
"group_2360","","hypothetical protein","3","3","1","166","16","166","16","","713","713","713","","","FAM19191_1K_00218","","FAM23285_1K_01208","FAM8102_1K_00310"
"group_2361","","hypothetical protein","3","3","1","166","15","166","9","","242","242","242","","","FAM19191_1K_00219","","FAM23285_1K_01207","FAM8102_1K_00309"
"group_2362","","hypothetical protein","3","3","1","166","14","166","8","","314","314","314","","","FAM19191_1K_00220","","FAM23285_1K_01206","FAM8102_1K_00308"
"group_2363","","hypothetical protein","3","3","1","166","13","166","7","","233","233","233","","","FAM19191_1K_00221","","FAM23285_1K_01205","FAM8102_1K_00307"
"group_2364","","hypothetical protein","3","3","1","166","12","166","6","","155","155","155","","","FAM19191_1K_00222","","FAM23285_1K_01204","FAM8102_1K_00306"
"group_2365","","hypothetical protein","3","3","1","166","11","166","5","","275","275","275","","","FAM19191_1K_00223","","FAM23285_1K_01203","FAM8102_1K_00305"
"group_2366","","hypothetical protein","3","3","1","166","10","166","4","","257","257","257","","","FAM19191_1K_00224","","FAM23285_1K_01202","FAM8102_1K_00304"
"group_2367","","hypothetical protein","3","3","1","166","9","166","3","","707","707","707","","","FAM19191_1K_00225","","FAM23285_1K_01201","FAM8102_1K_00303"
"group_2368","","hypothetical protein","3","3","1","166","8","166","2","","860","860","860","","","FAM19191_1K_00226","","FAM23285_1K_01200","FAM8102_1K_00302"
"group_2369","","hypothetical protein","3","3","1","166","7","166","1","","821","821","821","","","FAM19191_1K_00227","","FAM23285_1K_01199","FAM8102_1K_00301"
"group_2370","","hypothetical protein","3","3","1","150","3","149","6","","389","389","389","","","FAM19191_1K_00306","","FAM23285_1K_00408","FAM8102_1K_00438"
"group_2371","","hypothetical protein","3","3","1","167","29","167","3","","242","242","242","","","FAM19191_1K_00396","","FAM23285_1K_00498","FAM8102_1K_00564"
"group_2372","","Lhv_2053 Lysin (L.crispatus) pseudogene in L.helveticus","3","3","1","167","30","167","4","","893","893","893","","","FAM19191_1K_00397","","FAM23285_1K_00499","FAM8102_1K_00565"
"group_2373","","hypothetical protein","3","3","1","167","31","167","5","","458","458","458","","","FAM19191_1K_00398","","FAM23285_1K_00500","FAM8102_1K_00566"
"group_2374","","hypothetical protein","3","3","1","167","32","167","6","","197","197","197","","","FAM19191_1K_00399","","FAM23285_1K_00501","FAM8102_1K_00567"
"group_2375","","hypothetical protein","3","3","1","167","33","167","7","","395","395","395","","","FAM19191_1K_00400","","FAM23285_1K_00502","FAM8102_1K_00568"
"group_2376","","hypothetical protein","3","3","1","167","34","167","8","","158","158","158","","","FAM19191_1K_00401","","FAM23285_1K_00503","FAM8102_1K_00569"
"group_2377","","hypothetical protein","3","3","1","167","35","167","9","","581","581","581","","","FAM19191_1K_00402","","FAM23285_1K_00504","FAM8102_1K_00570"
"group_2378","","hypothetical protein","3","3","1","167","36","167","10","","626","626","626","","","FAM19191_1K_00403","","FAM23285_1K_00505","FAM8102_1K_00571"
"group_2379","","hypothetical protein","3","3","1","167","37","167","11","","1580","1580","1580","","","FAM19191_1K_00404","","FAM23285_1K_00506","FAM8102_1K_00572"
"group_2380","","hypothetical protein","3","3","1","167","38","167","12","","236","236","236","","","FAM19191_1K_00405","","FAM23285_1K_00507","FAM8102_1K_00573"
"group_2381","","hypothetical protein","3","3","1","167","26","167","14","","782","782","782","","","FAM19191_1K_00407","","FAM23285_1K_00509","FAM8102_1K_00576"
"group_2382","","hypothetical protein","3","3","1","167","25","167","15","","6578","6578","6578","","","FAM19191_1K_00408","","FAM23285_1K_00510","FAM8102_1K_00577"
"group_2383","","hypothetical protein","3","3","1","167","24","167","16","","647","647","647","","","FAM19191_1K_00409","","FAM23285_1K_00511","FAM8102_1K_00578"
"group_2384","","hypothetical protein","3","3","1","167","23","167","17","","434","434","434","","","FAM19191_1K_00410","","FAM23285_1K_00512","FAM8102_1K_00579"
"group_2385","","hypothetical protein","3","3","1","167","22","167","39","","632","632","632","","","FAM19191_1K_00411","","FAM23285_1K_00513","FAM8102_1K_00580"
"group_2386","","hypothetical protein","3","3","1","167","21","167","38","","434","434","434","","","FAM19191_1K_00412","","FAM23285_1K_00514","FAM8102_1K_00581"
"group_2387","","hypothetical protein","3","3","1","167","20","167","37","","398","398","398","","","FAM19191_1K_00413","","FAM23285_1K_00515","FAM8102_1K_00582"
"group_2388","","hypothetical protein","3","3","1","167","19","167","36","","350","350","350","","","FAM19191_1K_00414","","FAM23285_1K_00516","FAM8102_1K_00583"
"group_2389","","hypothetical protein","3","3","1","167","18","167","35","","392","392","392","","","FAM19191_1K_00415","","FAM23285_1K_00517","FAM8102_1K_00584"
"group_2390","","hypothetical protein","3","3","1","167","17","167","34","","1031","1031","1031","","","FAM19191_1K_00416","","FAM23285_1K_00518","FAM8102_1K_00585"
"group_2391","","hypothetical protein","3","3","1","167","16","167","33","","620","620","620","","","FAM19191_1K_00417","","FAM23285_1K_00519","FAM8102_1K_00586"
"group_2392","","hypothetical protein","3","3","1","167","15","167","32","","212","212","212","","","FAM19191_1K_00418","","FAM23285_1K_00520","FAM8102_1K_00587"
"group_2393","","hypothetical protein","3","3","1","167","14","167","31","","275","275","275","","","FAM19191_1K_00419","","FAM23285_1K_00521","FAM8102_1K_00588"
"group_2394","","hypothetical protein","3","3","1","167","13","167","30","","1166","1166","1166","","","FAM19191_1K_00420","","FAM23285_1K_00522","FAM8102_1K_00589"
"group_2395","","hypothetical protein","3","3","1","167","12","167","29","","1625","1625","1625","","","FAM19191_1K_00421","","FAM23285_1K_00523","FAM8102_1K_00590"
"group_2396","","hypothetical protein","3","3","1","167","11","167","28","","1256","1256","1256","","","FAM19191_1K_00422","","FAM23285_1K_00524","FAM8102_1K_00591"
"group_2397","","hypothetical protein","3","3","1","167","10","167","27","","674","674","674","","","FAM19191_1K_00423","","FAM23285_1K_00525","FAM8102_1K_00592"
"group_2398","","hypothetical protein","3","3","1","167","9","167","26","","194","194","194","","","FAM19191_1K_00424","","FAM23285_1K_00526","FAM8102_1K_00593"
"group_2399","","hypothetical protein","3","3","1","167","8","167","25","","230","230","230","","","FAM19191_1K_00425","","FAM23285_1K_00527","FAM8102_1K_00594"
"group_24","","hypothetical protein","3","3","1","156","8","157","8","","470","1190","948","","","FAM19191_1K_02075","","FAM23285_1K_02264","FAM8102_1K_01342"
"group_2400","","hypothetical protein","3","3","1","167","7","167","24","","332","332","332","","","FAM19191_1K_00426","","FAM23285_1K_00528","FAM8102_1K_00595"
"group_2401","","hypothetical protein","3","3","1","167","6","167","23","","470","470","470","","","FAM19191_1K_00427","","FAM23285_1K_00529","FAM8102_1K_00596"
"group_2402","","hypothetical protein","3","3","1","167","5","167","22","","218","218","218","","","FAM19191_1K_00428","","FAM23285_1K_00530","FAM8102_1K_00597"
"group_2403","","hypothetical protein","3","3","1","167","4","167","21","","266","266","266","","","FAM19191_1K_00429","","FAM23285_1K_00531","FAM8102_1K_00598"
"group_2404","","hypothetical protein","3","3","1","167","3","167","20","","182","182","182","","","FAM19191_1K_00430","","FAM23285_1K_00532","FAM8102_1K_00599"
"group_2405","","hypothetical protein","3","3","1","167","2","167","19","","476","476","476","","","FAM19191_1K_00431","","FAM23285_1K_00533","FAM8102_1K_00600"
"group_2406","","hypothetical protein","3","3","1","167","1","167","18","","290","290","290","","","FAM19191_1K_00432","","FAM23285_1K_00534","FAM8102_1K_00601"
"group_2407","","hypothetical protein","3","3","1","163","10","163","6","","428","428","428","","","FAM19191_1K_00444","","FAM23285_1K_00241","FAM8102_1K_00254"
"group_2409","","hypothetical protein","3","3","1","143","3","139","3","","335","335","335","","","FAM19191_1K_00508","","FAM23285_1K_00564","FAM8102_1K_00640"
"group_2412","","hypothetical protein","3","3","1","143","1","139","1","","152","152","152","","","FAM19191_1K_00511","","FAM23285_1K_00561","FAM8102_1K_00643"
"group_2413","","hypothetical protein","3","3","1","164","7","164","2","","176","176","176","","","FAM19191_1K_00544","","FAM23285_1K_00745","FAM8102_1K_00676"
"group_2414","","hypothetical protein","3","3","1","164","8","164","3","","233","233","233","","","FAM19191_1K_00546","","FAM23285_1K_00747","FAM8102_1K_00678"
"group_2415","","hypothetical protein","3","3","1","164","9","164","4","","344","344","344","","","FAM19191_1K_00548","","FAM23285_1K_00749","FAM8102_1K_00680"
"group_2416","","hypothetical protein","3","3","1","164","10","164","5","","416","416","416","","","FAM19191_1K_00551","","FAM23285_1K_00752","FAM8102_1K_00683"
"group_2418","","hypothetical protein","3","3","1","164","3","164","8","","938","938","938","","","FAM19191_1K_00562","","FAM23285_1K_00763","FAM8102_1K_00694"
"group_2419","","hypothetical protein","3","3","1","164","1","164","10","","257","257","257","","","FAM19191_1K_00573","","FAM23285_1K_00774","FAM8102_1K_00705"
"group_2420","","hypothetical protein","3","3","1","127","3","131","2","","239","239","239","","","FAM19191_1K_00595","","FAM23285_1K_00573","FAM8102_1K_00727"
"group_2421","","hypothetical protein","3","3","1","162","6","162","9","","272","272","272","","","FAM19191_1K_00633","","FAM23285_1K_00625","FAM8102_1K_00764"
"group_2422","","hypothetical protein","3","3","1","162","7","162","6","","731","731","731","","","FAM19191_1K_00634","","FAM23285_1K_00626","FAM8102_1K_00765"
"group_2423","","hypothetical protein","3","3","1","162","8","162","5","","716","716","716","","","FAM19191_1K_00635","","FAM23285_1K_00627","FAM8102_1K_00766"
"group_2424","","hypothetical protein","3","3","1","162","9","162","4","","836","836","836","","","FAM19191_1K_00636","","FAM23285_1K_00628","FAM8102_1K_00767"
"group_2425","","hypothetical protein","3","3","1","162","3","162","3","","164","164","164","","","FAM19191_1K_00637","","FAM23285_1K_00629","FAM8102_1K_00768"
"group_2426","","hypothetical protein","3","3","1","162","2","162","2","","665","665","665","","","FAM19191_1K_00638","","FAM23285_1K_00630","FAM8102_1K_00769"
"group_2427","","hypothetical protein","3","3","1","162","1","162","1","","401","401","401","","","FAM19191_1K_00639","","FAM23285_1K_00631","FAM8102_1K_00770"
"group_2428","","hypothetical protein","3","3","1","141","3","137","3","","530","530","530","","","FAM19191_1K_00646","","FAM23285_1K_01794","FAM8102_1K_00777"
"group_2429","","hypothetical protein","3","3","1","141","2","137","1","","293","293","293","","","FAM19191_1K_00647","","FAM23285_1K_00868","FAM8102_1K_00778"
"group_2431","","hypothetical protein","3","3","1","118","1","112","1","Investigate","422","422","422","","","FAM19191_1K_00757","","FAM23285_1K_00724","FAM8102_1K_00888"
"group_2433","","hypothetical protein","3","3","1","142","3","146","1","","407","407","407","","","FAM19191_1K_00808","","FAM23285_1K_01275","FAM8102_1K_01369"
"group_2434","","hypothetical protein","3","3","1","142","2","146","2","","1364","1364","1364","","","FAM19191_1K_00822","","FAM23285_1K_01289","FAM8102_1K_01383"
"group_2435","","hypothetical protein","3","3","1","142","1","146","3","","377","377","377","","","FAM19191_1K_00823","","FAM23285_1K_01290","FAM8102_1K_01384"
"group_2436","","hypothetical protein","3","3","1","161","1","161","1","","629","629","629","","","FAM19191_1K_00862","","FAM23285_1K_00824","FAM8102_1K_00958"
"group_2440","","hypothetical protein","3","3","1","161","5","161","5","","269","269","269","","","FAM19191_1K_00866","","FAM23285_1K_00820","FAM8102_1K_00954"
"group_2441","","hypothetical protein","3","3","1","161","6","161","4","","833","833","833","","","FAM19191_1K_00867","","FAM23285_1K_00819","FAM8102_1K_00953"
"group_2442","","hypothetical protein","3","3","1","161","8","161","3","","497","497","497","","","FAM19191_1K_00868","","FAM23285_1K_00818","FAM8102_1K_00952"
"group_2444","","hypothetical protein","3","3","1","126","1","92","1","Investigate","176","176","176","","","FAM19191_1K_00887","","FAM23285_1K_00870","FAM8102_1K_00960"
"group_2445","","hypothetical protein","3","3","1","95","2","117","2","Investigate","359","359","359","","","FAM19191_1K_00910","","FAM23285_1K_00896","FAM8102_1K_00984"
"group_2446","","hypothetical protein","3","3","1","99","2","96","2","Investigate","182","182","182","","","FAM19191_1K_00950","","FAM23285_1K_01011","FAM8102_1K_01048"
"group_2447","","hypothetical protein","3","3","1","99","1","96","1","Investigate","347","347","347","","","FAM19191_1K_00952","","FAM23285_1K_01013","FAM8102_1K_01050"
"group_2449","","hypothetical protein","3","3","1","146","3","141","3","","239","239","239","","","FAM19191_1K_01033","","FAM23285_1K_01108","FAM8102_1K_01159"
"group_2450","","hypothetical protein","3","3","1","163","5","163","13","","425","425","425","","","FAM19191_1K_01097","","FAM23285_1K_00269","FAM8102_1K_00282"
"group_2451","","hypothetical protein","3","3","1","163","4","163","12","","143","143","143","","","FAM19191_1K_01098","","FAM23285_1K_00270","FAM8102_1K_00283"
"pepE_1","","Aminopeptidase E","3","3","1","","","","","","698","698","698","","","FAM19191_1K_01099","","FAM23285_1K_00271","FAM8102_1K_00284"
"group_2453","","hypothetical protein","3","3","1","163","2","163","10","","656","656","656","","","FAM19191_1K_01102","","FAM23285_1K_00274","FAM8102_1K_00287"
"group_2454","","hypothetical protein","3","3","1","159","9","159","10","","371","371","371","","","FAM19191_1K_01215","","FAM23285_1K_01174","FAM8102_1K_01251"
"ycaM_3","","Inner membrane transporter YcaM","3","3","1","","","","","","539","539","539","","","FAM19191_1K_01270","","FAM23285_1K_01253","FAM8102_1K_01305"
"group_2456","","hypothetical protein","3","3","1","145","3","140","2","","224","224","224","","","FAM19191_1K_01279","","FAM23285_1K_01411","FAM8102_1K_01314"
"group_2458","","hypothetical protein","3","3","1","151","1","152","3","","257","257","257","","","FAM19191_1K_01329","","FAM23285_1K_02197","FAM8102_1K_01345"
"group_2459","","hypothetical protein","3","3","1","151","2","152","4","","194","194","194","","","FAM19191_1K_01330","","FAM23285_1K_02198","FAM8102_1K_01346"
"group_2464","","hypothetical protein","3","3","1","151","4","152","1","","341","341","341","","","FAM19191_1K_01349","","FAM23285_1K_01456","FAM8102_1K_01365"
"group_2465","","hypothetical protein","3","3","1","140","2","138","2","","584","584","584","","","FAM19191_1K_01360","","FAM23285_1K_01300","FAM8102_1K_01407"
"group_2466","","hypothetical protein","3","3","1","93","1","114","1","Investigate","368","368","368","","","FAM19191_1K_01371","","FAM23285_1K_01311","FAM8102_1K_01433"
"group_2467","","hypothetical protein","3","3","1","153","5","153","5","","1562","1562","1562","","","FAM19191_1K_01390","","FAM23285_1K_01876","FAM8102_1K_01425"
"group_2468","","hypothetical protein","3","3","1","153","4","153","4","","650","650","650","","","FAM19191_1K_01391","","FAM23285_1K_01877","FAM8102_1K_01426"
"group_2469","","hypothetical protein","3","3","1","121","1","109","1","Investigate","737","737","737","","","FAM19191_1K_01409","","FAM23285_1K_01664","FAM8102_1K_01456"
"group_2471","","hypothetical protein","3","3","1","165","8","165","7","","1202","1202","1202","","","FAM19191_1K_01539","","FAM23285_1K_01473","FAM8102_1K_01575"
"group_2472","","hypothetical protein","3","3","1","165","9","165","8","","194","194","194","","","FAM19191_1K_01540","","FAM23285_1K_01474","FAM8102_1K_01576"
"group_2473","","hypothetical protein","3","3","1","165","10","165","9","","1043","1043","1043","","","FAM19191_1K_01541","","FAM23285_1K_01475","FAM8102_1K_01577"
"group_2474","","hypothetical protein","3","3","1","165","7","165","10","","338","338","338","","","FAM19191_1K_01542","","FAM23285_1K_01476","FAM8102_1K_01578"
"group_2475","","hypothetical protein","3","3","1","165","6","165","6","","401","401","401","","","FAM19191_1K_01543","","FAM23285_1K_01477","FAM8102_1K_01579"
"group_2476","","hypothetical protein","3","3","1","165","5","165","5","","371","371","371","","","FAM19191_1K_01545","","FAM23285_1K_01479","FAM8102_1K_01581"
"group_2477","","hypothetical protein","3","3","1","165","4","165","4","","344","344","344","","","FAM19191_1K_01546","","FAM23285_1K_01480","FAM8102_1K_01582"
"group_2478","","hypothetical protein","3","3","1","165","3","165","3","","1073","1073","1073","","","FAM19191_1K_01547","","FAM23285_1K_01481","FAM8102_1K_01583"
"group_2479","","hypothetical protein","3","3","1","165","2","165","2","","314","314","314","","","FAM19191_1K_01548","","FAM23285_1K_01482","FAM8102_1K_01584"
"arcA","","hypothetical protein","3","3","1","","","","","","185","335","235","","","FAM19191_1K_01935","","FAM23285_1K_01982","FAM8102_1K_02035"
"group_2480","","hypothetical protein","3","3","1","165","1","165","1","","482","482","482","","","FAM19191_1K_01549","","FAM23285_1K_01483","FAM8102_1K_01585"
"group_2481","","hypothetical protein","3","3","1","154","3","154","1","","611","611","611","","","FAM19191_1K_01550","","FAM23285_1K_01494","FAM8102_1K_01599"
"group_2482","","hypothetical protein","3","3","1","154","4","154","7","","632","632","632","","","FAM19191_1K_01551","","FAM23285_1K_01495","FAM8102_1K_01598"
"group_2483","","hypothetical protein","3","3","1","154","5","154","6","","176","176","176","","","FAM19191_1K_01552","","FAM23285_1K_01496","FAM8102_1K_01597"
"group_2484","","hypothetical protein","3","3","1","154","6","154","5","","434","434","434","","","FAM19191_1K_01554","","FAM23285_1K_01498","FAM8102_1K_01595"
"group_2485","","hypothetical protein","3","3","1","160","1","160","10","","1124","1124","1124","","","FAM19191_1K_01565","","FAM23285_1K_01709","FAM8102_1K_01754"
"group_2487","","hypothetical protein","3","3","1","160","3","160","8","","902","902","902","","","FAM19191_1K_01567","","FAM23285_1K_01711","FAM8102_1K_01756"
"group_2489","","hypothetical protein","3","3","1","160","10","160","6","","1091","1091","1091","","","FAM19191_1K_01569","","FAM23285_1K_01713","FAM8102_1K_01758"
"group_2490","","hypothetical protein","3","3","1","160","9","160","5","","974","974","974","","","FAM19191_1K_01570","","FAM23285_1K_01714","FAM8102_1K_01759"
"group_2491","","hypothetical protein","3","3","1","160","6","160","2","Hypothetical protein with no hits to refseq/uniprot/clusters/cdd/tigrfams/pfam overlapping another protein with hits","977","977","977","","","FAM19191_1K_01572","","FAM23285_1K_02220","FAM8102_1K_02272"
"group_2492","","hypothetical protein","3","3","1","109","1","126","1","Investigate","248","248","248","","","FAM19191_1K_01588","","FAM23285_1K_00459","FAM8102_1K_01615"
"bglA_2","","Aryl-phospho-beta-D-glucosidase BglA","3","3","1","","","","","","695","695","695","","","FAM19191_1K_01613","","FAM23285_1K_01517","FAM8102_1K_01672"
"group_2497","","hypothetical protein","3","3","1","157","1","156","1","","152","152","152","","","FAM19191_1K_01650","","FAM23285_1K_01591","FAM8102_1K_01711"
"group_2498","","hypothetical protein","3","3","1","157","2","156","2","","4346","4346","4346","","","FAM19191_1K_01651","","FAM23285_1K_01592","FAM8102_1K_01712"
"group_2499","","hypothetical protein","3","3","1","157","6","156","3","","482","482","482","","","FAM19191_1K_01652","","FAM23285_1K_01593","FAM8102_1K_01713"
"group_2500","","hypothetical protein","3","3","1","157","5","156","6","","272","272","272","","","FAM19191_1K_01653","","FAM23285_1K_01594","FAM8102_1K_01714"
"group_2501","","hypothetical protein","3","3","1","157","4","156","5","","122","122","122","","","FAM19191_1K_01654","","FAM23285_1K_01595","FAM8102_1K_01715"
"group_2502","","hypothetical protein","3","3","1","157","3","156","4","","305","305","305","","","FAM19191_1K_01655","","FAM23285_1K_01596","FAM8102_1K_01716"
"group_2503","","hypothetical protein","3","3","1","117","2","121","1","Investigate","1799","1799","1799","","","FAM19191_1K_01674","","FAM23285_1K_01691","FAM8102_1K_01748"
"group_2505","","hypothetical protein","3","3","1","122","1","95","1","Investigate","389","389","389","","","FAM19191_1K_01697","","FAM23285_1K_01662","FAM8102_1K_01794"
"group_2507","","hypothetical protein","3","3","1","107","1","125","1","Investigate","167","167","167","","","FAM19191_1K_01726","","FAM23285_1K_01647","FAM8102_1K_01787"
"group_2508","","hypothetical protein","3","3","1","97","2","98","2","Investigate","155","155","155","","","FAM19191_1K_01805","","FAM23285_1K_01716","FAM8102_1K_01902"
"group_2509","","hypothetical protein","3","3","1","97","1","98","1","Investigate","254","254","254","","","FAM19191_1K_01807","","FAM23285_1K_01718","FAM8102_1K_01904"
"group_2510","","hypothetical protein","3","3","1","110","1","103","1","Investigate","194","194","194","","","FAM19191_1K_01849","","FAM23285_1K_01815","FAM8102_1K_01953"
"group_2511","","hypothetical protein","3","3","1","119","1","123","1","Investigate","299","299","299","","","FAM19191_1K_01864","","FAM23285_1K_01893","FAM8102_1K_01941"
"group_2515","","hypothetical protein","3","3","1","158","1","158","1","","332","332","332","","","FAM19191_1K_01990","","FAM23285_1K_02090","FAM8102_1K_02105"
"group_2516","","hypothetical protein","3","3","1","158","2","158","2","","590","590","590","","","FAM19191_1K_01991","","FAM23285_1K_02091","FAM8102_1K_02106"
"group_2517","","hypothetical protein","3","3","1","158","3","158","8","","515","515","515","","","FAM19191_1K_01992","","FAM23285_1K_02092","FAM8102_1K_02107"
"group_2518","","hypothetical protein","3","3","1","158","4","158","7","","401","401","401","","","FAM19191_1K_01993","","FAM23285_1K_02093","FAM8102_1K_02108"
"group_2519","","hypothetical protein","3","3","1","158","5","158","6","","266","266","266","","","FAM19191_1K_01994","","FAM23285_1K_02094","FAM8102_1K_02109"
"group_2520","","hypothetical protein","3","3","1","158","6","158","5","","935","935","935","","","FAM19191_1K_01995","","FAM23285_1K_02095","FAM8102_1K_02110"
"group_2521","","hypothetical protein","3","3","1","144","2","144","1","","851","851","851","","","FAM19191_1K_02006","","FAM23285_1K_02034","FAM8102_1K_02086"
"group_2522","","hypothetical protein","3","3","1","144","3","144","3","","1274","1274","1274","","","FAM19191_1K_02007","","FAM23285_1K_02035","FAM8102_1K_02087"
"group_2523","","hypothetical protein","3","3","1","144","1","144","2","","848","848","848","","","FAM19191_1K_02008","","FAM23285_1K_02036","FAM8102_1K_02088"
"group_2526","","hypothetical protein","3","3","1","139","1","142","3","","299","299","299","","","FAM19191_1K_02012","","FAM23285_1K_02029","FAM8102_1K_02092"
"group_2527","","hypothetical protein","3","3","1","137","1","143","1","","182","182","182","","","FAM19191_1K_02037","","FAM23285_1K_02072","FAM8102_1K_01947"
"group_2528","","hypothetical protein","3","3","1","137","4","143","3","","698","698","698","","","FAM19191_1K_02038","","FAM23285_1K_02073","FAM8102_1K_01948"
"group_2532","","hypothetical protein","3","3","1","94","1","120","1","Investigate","1466","1466","1466","","","FAM19191_1K_02061","","FAM23285_1K_02155","FAM8102_1K_02189"
"group_2533","","hypothetical protein","3","3","1","123","2","89","2","","239","239","239","","","FAM19191_1K_02066","","FAM23285_1K_02053","FAM8102_1K_02157"
"group_2534","","hypothetical protein","3","3","1","156","2","157","6","","200","200","200","","","FAM19191_1K_02074","","FAM23285_1K_02268","FAM8102_1K_01343"
"group_2535","","hypothetical protein","3","3","1","156","4","157","10","","209","209","209","","","FAM19191_1K_02077","","FAM23285_1K_02261","FAM8102_1K_02285"
"group_2536","","hypothetical protein","3","3","1","147","1","148","2","","275","275","275","","","FAM19191_1K_02089","","FAM23285_1K_02117","FAM8102_1K_02184"
"group_2537","","hypothetical protein","3","3","1","147","2","148","3","","1049","1049","1049","","","FAM19191_1K_02090","","FAM23285_1K_02116","FAM8102_1K_02183"
"group_2538","","hypothetical protein","3","3","1","147","4","148","4","","695","695","695","","","FAM19191_1K_02092","","FAM23285_1K_02114","FAM8102_1K_02181"
"group_2539","","hypothetical protein","3","3","1","103","1","111","2","Investigate","260","260","260","","","FAM19191_1K_02109","","FAM23285_1K_02165","FAM8102_1K_02197"
"group_2540","","hypothetical protein","3","3","1","111","1","122","1","Investigate","557","557","557","","","FAM19191_1K_02153","","FAM23285_1K_02217","FAM8102_1K_02248"
"group_2541","","hypothetical protein","3","3","1","111","2","122","2","Investigate","296","296","296","","","FAM19191_1K_02154","","FAM23285_1K_02218","FAM8102_1K_02249"
"group_2542","","hypothetical protein","3","3","1","152","2","151","2","","1367","1367","1367","","","FAM19191_1K_02155","","FAM23285_1K_01844","FAM8102_1K_02251"
"group_2544","","hypothetical protein","3","3","1","91","2","124","2","Investigate","233","233","233","","","FAM19191_1K_02162","","FAM23285_1K_02234","FAM8102_1K_02255"
"group_2545","","hypothetical protein","3","3","1","120","1","99","1","Investigate","890","890","890","","","FAM19191_1K_02173","","FAM23285_1K_02237","FAM8102_1K_02274"
"group_2546","","hypothetical protein","3","3","1","152","3","151","6","","1034","1049","1044","","","FAM19191_1K_02178","","FAM23285_1K_01847","FAM8102_1K_02273"
"group_2550","","hypothetical protein","3","3","1","130","2","129","3","","257","257","257","","","FAM19191_1K_02185","","FAM23285_1K_02241","FAM8102_1K_02282"
"group_2551","","hypothetical protein","3","3","1","130","3","129","2","","389","389","389","","","FAM19191_1K_02186","","FAM23285_1K_02242","FAM8102_1K_02283"
"group_2552","","hypothetical protein","3","3","1","116","1","97","1","Investigate","368","368","368","","","FAM19191_1K_02195","","FAM23285_1K_02271","FAM8102_1K_02290"
"group_2553","","hypothetical protein","3","3","1","156","6","157","5","","164","164","164","","","FAM19191_1K_02199","","FAM23285_1K_02263","FAM8102_1K_02297"
"group_26","","hypothetical protein","3","3","1","129","1","128","2","","311","1190","897","","","FAM19191_1K_01131","","FAM23285_1K_01240","FAM8102_1K_00617"
"group_267","","hypothetical protein","3","3","1","149","2","150","5","","173","173","173","","","FAM19191_1K_01609","","FAM23285_1K_01513","FAM8102_1K_01668"
"group_273","","hypothetical protein","3","3","1","89","1","93","1","Investigate","236","719","397","","","FAM19191_1K_01246","","FAM23285_1K_01443","FAM8102_1K_01539"
"group_2807","","hypothetical protein","3","3","1","90","1","113","1","Investigate","149","149","149","","","FAM19191_1K_00698","","FAM23285_1K_00713","FAM8102_1K_00829"
"group_29","","hypothetical protein","3","3","1","156","5","157","4","","470","476","472","","","FAM19191_1K_02200","","FAM23285_1K_02278","FAM8102_1K_02296"
"group_295","","hypothetical protein","3","3","1","138","5","145","5","","332","332","332","","","FAM19191_1K_02169","","FAM23285_1K_02243","FAM8102_1K_02263"
"group_2969","","hypothetical protein","3","3","1","103","2","111","1","Investigate","506","506","506","","","FAM19191_1K_02111","","FAM23285_1K_02163","FAM8102_1K_02195"
"group_298","","hypothetical protein","3","3","1","167","28","167","2","","299","299","299","","","FAM19191_1K_00394","","FAM23285_1K_00496","FAM8102_1K_00562"
"group_329","","hypothetical protein","3","3","1","151","5","152","2","","125","125","125","","","FAM19191_1K_01342","","FAM23285_1K_01463","FAM8102_1K_01358"
"group_367","","hypothetical protein","3","3","1","148","3","147","4","","662","662","662","","","FAM19191_1K_00800","","FAM23285_1K_01755","FAM8102_1K_01851"
"group_404","","hypothetical protein","3","3","1","152","5","151","4","","1253","1391","1299","","","FAM19191_1K_01961","","FAM23285_1K_01845","FAM8102_1K_02247"
"group_423","","hypothetical protein","3","3","1","150","5","149","5","","245","245","245","","","FAM19191_1K_00332","","FAM23285_1K_00434","FAM8102_1K_00464"
"group_479","","hypothetical protein","3","3","1","127","1","131","3","","158","158","158","","","FAM19191_1K_00580","","FAM23285_1K_00588","FAM8102_1K_00712"
"group_484","","hypothetical protein","3","3","1","150","2","149","1","","197","197","197","","","FAM19191_1K_00305","","FAM23285_1K_00407","FAM8102_1K_00437"
"group_487","","hypothetical protein","3","3","1","163","1","163","9","","482","482","482","","","FAM19191_1K_01115","","FAM23285_1K_00287","FAM8102_1K_00300"
"group_516","","hypothetical protein","3","3","1","168","122","168","63","","401","401","401","","","FAM19191_1K_00098","","FAM23285_1K_00089","FAM8102_1K_00098"
"group_524","","hypothetical protein","3","3","1","168","2","168","2","","257","257","257","","","FAM19191_1K_00007","","FAM23285_1K_01928","FAM8102_1K_00007"
"group_53","","hypothetical protein","3","3","1","135","2","135","2","Investigate","224","1277","786","","","FAM19191_1K_01894","","FAM23285_1K_01809","FAM8102_1K_01808"
"group_54","","hypothetical protein","3","3","1","140","3","138","3","","704","704","704","","","FAM19191_1K_01364","","FAM23285_1K_01304","FAM8102_1K_01411"
"group_572","","hypothetical protein","3","3","1","161","7","161","2","","344","344","344","","","FAM19191_1K_00874","","FAM23285_1K_00812","FAM8102_1K_00946"
"group_59","","hypothetical protein","3","3","1","148","4","147","2","","1196","1196","1196","","","FAM19191_1K_00783","","FAM23285_1K_00932","FAM8102_1K_01020"
"group_60","","hypothetical protein","3","3","1","133","3","127","4","","224","1277","926","","","FAM19191_1K_00505","","FAM23285_1K_00364","FAM8102_1K_00556"
"group_638","","hypothetical protein","3","3","1","162","5","162","8","","161","161","161","","","FAM19191_1K_00631","","FAM23285_1K_00623","FAM8102_1K_00762"
"group_667","","hypothetical protein","3","3","1","159","5","159","4","","518","518","518","","","FAM19191_1K_01220","","FAM23285_1K_01179","FAM8102_1K_01256"
"group_693","","hypothetical protein","3","3","1","92","1","91","1","Investigate","941","941","941","","","FAM19191_1K_01709","","FAM23285_1K_01631","FAM8102_1K_01806"
"yifK_2","","putative transport protein YifK","3","3","1","","","","","","905","905","905","","","FAM19191_1K_02182","","FAM23285_1K_02266","FAM8102_1K_02279"
"group_778","","hypothetical protein","3","3","1","164","4","164","7","","434","434","434","","","FAM19191_1K_00559","","FAM23285_1K_00760","FAM8102_1K_00691"
"group_783","","hypothetical protein","3","3","1","112","2","100","2","Investigate","236","302","258","","","FAM19191_1K_02147","","FAM23285_1K_02203","FAM8102_1K_02232"
"aroD","","3-dehydroquinate dehydratase","3","3","1","","","","","","539","539","539","","","FAM19191_1K_01178","","FAM23285_1K_01144","FAM8102_1K_01216"
"group_828","","hypothetical protein","3","3","1","125","1","104","1","Investigate","188","329","235","","","FAM19191_1K_01717","","FAM23285_1K_01686","FAM8102_1K_01821"
"group_83","","hypothetical protein","3","3","1","153","7","153","7","","467","467","467","","","FAM19191_1K_01387","","FAM23285_1K_01873","FAM8102_1K_01422"
"group_837","","hypothetical protein","3","3","1","167","27","167","13","","3188","3452","3364","","","FAM19191_1K_00406","","FAM23285_1K_00508","FAM8102_1K_00575"
"group_96","","hypothetical protein","3","3","1","149","1","150","1","","161","161","161","","","FAM19191_1K_01604","","FAM23285_1K_01508","FAM8102_1K_01663"
"group_99","","hypothetical protein","3","3","1","151","3","152","5","","1052","1115","1094","","","FAM19191_1K_01331","","FAM23285_1K_02199","FAM8102_1K_01347"
"malP_1","","hypothetical protein","3","3","1","159","10","159","11","","194","551","313","","","FAM19191_1K_01216","","FAM23285_1K_01176","FAM8102_1K_01252"
"malP_3","","PTS system maltose-specific EIICB component","3","3","1","159","6","159","6","","713","713","713","","","FAM19191_1K_01219","","FAM23285_1K_01178","FAM8102_1K_01255"
"melA_2","","Alpha-galactosidase Mel36A","3","3","1","139","3","142","1","","971","971","971","","","FAM19191_1K_02010","","FAM23285_1K_02027","FAM8102_1K_02090"
"melA_3","","Alpha-galactosidase Mel36A","3","3","1","139","2","142","2","","359","359","359","","","FAM19191_1K_02011","","FAM23285_1K_02028","FAM8102_1K_02091"
"mutS2_2","","Endonuclease MutS2","3","3","1","145","1","140","1","","1859","1859","1859","","","FAM19191_1K_01280","","FAM23285_1K_01412","FAM8102_1K_01313"
"serA","","D-3-phosphoglycerate dehydrogenase","3","3","1","161","3","161","7","","1166","1166","1166","","","FAM19191_1K_00864","","FAM23285_1K_00822","FAM8102_1K_00956"
"serC","","Phosphoserine aminotransferase","3","3","1","161","2","161","8","","1121","1121","1121","","","FAM19191_1K_00863","","FAM23285_1K_00823","FAM8102_1K_00957"
"slpH","","S-layer protein","3","3","1","143","2","139","2","","1334","1334","1334","","","FAM19191_1K_00510","","FAM23285_1K_00562","FAM8102_1K_00642"
"sugE","","Quaternary ammonium compound-resistance protein SugE","3","3","1","161","4","161","6","","314","314","314","","","FAM19191_1K_00865","","FAM23285_1K_00821","FAM8102_1K_00955"
"topB","","DNA topoisomerase 3","3","3","1","164","5","164","6","","905","905","905","","","FAM19191_1K_00554","","FAM23285_1K_00755","FAM8102_1K_00686"
"ycaM_5","","Inner membrane transporter YcaM","3","3","1","136","3","136","1","","1001","1001","1001","","","FAM19191_1K_01905","","FAM23285_1K_02158","FAM8102_1K_02010"
"ydgH","","Putative membrane protein YdgH","3","3","1","98","1","110","1","Investigate","3536","3536","3536","","","FAM19191_1K_01469","","FAM23285_1K_01398","FAM8102_1K_01972"
"yjeM_1","","Inner membrane transporter YjeM","3","3","1","113","1","119","1","Investigate","503","503","503","","","FAM19191_1K_01457","","FAM23285_1K_01362","FAM8102_1K_01504"
"group_10","","hypothetical protein","2","2","1","104","2","116","1","Investigate","1127","1190","1158","","","FAM19191_1K_02062","","","FAM8102_1K_01763"
"group_100","","hypothetical protein","2","2","1","164","6","164","1","","1178","1178","1178","","","FAM19191_1K_00543","","","FAM8102_1K_00675"
"group_118","","hypothetical protein","2","2","1","74","1","69","1","Investigate","227","227","227","","","FAM19191_1K_00228","","FAM23285_1K_00288",""
"group_123","","hypothetical protein","2","2","1","163","6","163","8","","1151","1151","1151","","","","","FAM23285_1K_00252","FAM8102_1K_00265"
"group_1352","","hypothetical protein","2","2","1","71","1","75","1","Investigate","299","299","299","","","FAM19191_1K_01811","","","FAM8102_1K_01915"
"group_1354","","hypothetical protein","2","2","1","152","1","151","1","","1067","1115","1091","","","FAM19191_1K_01960","","FAM23285_1K_02254",""
"group_1361","","hypothetical protein","2","2","1","72","1","74","1","Investigate","863","1379","1121","","","FAM19191_1K_02157","","","FAM8102_1K_02276"
"group_1362","","hypothetical protein","2","2","1","75","1","87","1","Investigate","836","1283","1059","","","FAM19191_1K_02160","","","FAM8102_1K_02292"
"group_1368","","hypothetical protein","2","2","1","168","106","168","79","","350","416","383","","","","","FAM23285_1K_00111","FAM8102_1K_00120"
"group_1369","","hypothetical protein","2","2","1","87","1","71","1","Investigate","350","1190","770","","","","","FAM23285_1K_02258","FAM8102_1K_01731"
"group_155","","hypothetical protein","2","2","1","160","5","160","1","","470","788","629","","","FAM19191_1K_01573","","FAM23285_1K_02219",""
"group_17","","hypothetical protein","2","2","1","67","1","65","1","Investigate","206","476","341","","","FAM19191_1K_02095","","","FAM8102_1K_02175"
"malP_1","","PTS system maltose-specific EIICB component","2","2","1","159","10","159","11","","551","551","551","","","FAM19191_1K_01217","","","FAM8102_1K_01253"
"malP_2","","PTS system maltose-specific EIICB component","2","2","1","","","","","","398","398","398","","","","","FAM23285_1K_01177","FAM8102_1K_01254"
"group_20","","hypothetical protein","2","2","1","163","8","163","4","","470","470","470","","","FAM19191_1K_00433","","","FAM8102_1K_00243"
"group_203","","hypothetical protein","2","2","1","78","2","67","2","Investigate","293","293","293","","","FAM19191_1K_00695","","","FAM8102_1K_00826"
"group_21","","hypothetical protein","2","2","1","163","9","163","5","","1190","1190","1190","","","FAM19191_1K_00437","","","FAM8102_1K_00247"
"group_2430","","hypothetical protein","2","2","1","78","1","67","1","Investigate","353","353","353","","","FAM19191_1K_00697","","","FAM8102_1K_00828"
"group_2448","","hypothetical protein","2","2","1","76","1","86","1","Investigate","182","182","182","","","FAM19191_1K_00981","","","FAM8102_1K_01106"
"group_251","","hypothetical protein","2","2","1","77","1","66","1","Investigate","428","1394","911","","","FAM19191_1K_02172","","FAM23285_1K_00370",""
"group_2513","","hypothetical protein","2","2","1","81","1","76","1","Investigate","476","476","476","","","FAM19191_1K_01947","","","FAM8102_1K_02044"
"group_2554","","hypothetical protein","2","2","1","73","1","79","1","Investigate","143","143","143","","","FAM19191_1K_02201","","","FAM8102_1K_02298"
"group_2657","","hypothetical protein","2","2","1","168","121","168","64","","197","197","197","","","","","FAM23285_1K_00096","FAM8102_1K_00105"
"group_2658","","hypothetical protein","2","2","1","168","120","168","65","","272","272","272","","","","","FAM23285_1K_00097","FAM8102_1K_00106"
"group_2659","","hypothetical protein","2","2","1","168","119","168","66","","173","173","173","","","","","FAM23285_1K_00098","FAM8102_1K_00107"
"group_2660","","hypothetical protein","2","2","1","168","118","168","67","","464","464","464","","","","","FAM23285_1K_00099","FAM8102_1K_00108"
"group_2661","","hypothetical protein","2","2","1","168","117","168","68","","629","629","629","","","","","FAM23285_1K_00100","FAM8102_1K_00109"
"group_2662","","hypothetical protein","2","2","1","168","116","168","69","","863","863","863","","","","","FAM23285_1K_00101","FAM8102_1K_00110"
"group_2663","","hypothetical protein","2","2","1","168","115","168","70","","242","242","242","","","","","FAM23285_1K_00102","FAM8102_1K_00111"
"group_2664","","Lhv_2053 Lysin (L.crispatus) pseudogene in L.helveticus","2","2","1","168","114","168","71","","1121","1121","1121","","","","","FAM23285_1K_00103","FAM8102_1K_00112"
"group_2665","","hypothetical protein","2","2","1","168","113","168","72","","407","407","407","","","","","FAM23285_1K_00104","FAM8102_1K_00113"
"group_2666","","hypothetical protein","2","2","1","168","112","168","73","","224","224","224","","","","","FAM23285_1K_00105","FAM8102_1K_00114"
"group_2667","","hypothetical protein","2","2","1","168","111","168","74","","209","209","209","","","","","FAM23285_1K_00106","FAM8102_1K_00115"
"group_2668","","hypothetical protein","2","2","1","168","110","168","75","","194","194","194","","","","","FAM23285_1K_00107","FAM8102_1K_00116"
"group_2669","","hypothetical protein","2","2","1","168","109","168","76","","194","194","194","","","","","FAM23285_1K_00108","FAM8102_1K_00117"
"group_2670","","hypothetical protein","2","2","1","168","108","168","77","","599","599","599","","","","","FAM23285_1K_00109","FAM8102_1K_00118"
"group_2671","","hypothetical protein","2","2","1","168","107","168","78","","335","335","335","","","","","FAM23285_1K_00110","FAM8102_1K_00119"
"group_2672","","hypothetical protein","2","2","1","168","105","168","80","","2426","2426","2426","","","","","FAM23285_1K_00112","FAM8102_1K_00121"
"group_2673","","hypothetical protein","2","2","1","168","104","168","81","","566","566","566","","","","","FAM23285_1K_00113","FAM8102_1K_00122"
"group_2674","","hypothetical protein","2","2","1","168","103","168","82","","1181","1181","1181","","","","","FAM23285_1K_00114","FAM8102_1K_00123"
"group_2675","","hypothetical protein","2","2","1","168","102","168","83","","368","368","368","","","","","FAM23285_1K_00115","FAM8102_1K_00124"
"group_2676","","hypothetical protein","2","2","1","168","101","168","84","","494","494","494","","","","","FAM23285_1K_00116","FAM8102_1K_00125"
"group_2677","","hypothetical protein","2","2","1","168","100","168","85","","1073","1073","1073","","","","","FAM23285_1K_00117","FAM8102_1K_00126"
"group_2678","","hypothetical protein","2","2","1","168","99","168","86","","410","410","410","","","","","FAM23285_1K_00118","FAM8102_1K_00127"
"group_2679","","hypothetical protein","2","2","1","168","98","168","87","","944","944","944","","","","","FAM23285_1K_00119","FAM8102_1K_00128"
"group_2680","","hypothetical protein","2","2","1","168","97","168","88","","5159","5159","5159","","","","","FAM23285_1K_00120","FAM8102_1K_00129"
"group_2681","","hypothetical protein","2","2","1","168","96","168","89","","170","170","170","","","","","FAM23285_1K_00121","FAM8102_1K_00130"
"group_2682","","hypothetical protein","2","2","1","168","95","168","90","","368","368","368","","","","","FAM23285_1K_00122","FAM8102_1K_00131"
"group_2683","","hypothetical protein","2","2","1","168","94","168","91","","431","431","431","","","","","FAM23285_1K_00123","FAM8102_1K_00132"
"group_2684","","hypothetical protein","2","2","1","168","93","168","92","","1130","1130","1130","","","","","FAM23285_1K_00124","FAM8102_1K_00133"
"group_2685","","hypothetical protein","2","2","1","168","92","168","93","","500","500","500","","","","","FAM23285_1K_00125","FAM8102_1K_00134"
"group_2686","","hypothetical protein","2","2","1","168","91","168","94","","464","464","464","","","","","FAM23285_1K_00126","FAM8102_1K_00135"
"group_2687","","hypothetical protein","2","2","1","168","90","168","95","","596","596","596","","","","","FAM23285_1K_00127","FAM8102_1K_00136"
"group_2688","","hypothetical protein","2","2","1","168","89","168","96","","377","377","377","","","","","FAM23285_1K_00128","FAM8102_1K_00137"
"group_2689","","hypothetical protein","2","2","1","168","88","168","97","","1025","1025","1025","","","","","FAM23285_1K_00129","FAM8102_1K_00138"
"group_2690","","hypothetical protein","2","2","1","168","87","168","98","","491","491","491","","","","","FAM23285_1K_00130","FAM8102_1K_00139"
"group_2691","","hypothetical protein","2","2","1","168","86","168","99","","1199","1199","1199","","","","","FAM23285_1K_00131","FAM8102_1K_00140"
"group_2692","","hypothetical protein","2","2","1","168","85","168","100","","320","320","320","","","","","FAM23285_1K_00132","FAM8102_1K_00141"
"group_2693","","hypothetical protein","2","2","1","168","84","168","101","","803","803","803","","","","","FAM23285_1K_00133","FAM8102_1K_00142"
"group_2694","","hypothetical protein","2","2","1","168","83","168","102","","1424","1424","1424","","","","","FAM23285_1K_00134","FAM8102_1K_00143"
"group_2695","","hypothetical protein","2","2","1","168","82","168","103","","1484","1484","1484","","","","","FAM23285_1K_00135","FAM8102_1K_00144"
"group_2696","","hypothetical protein","2","2","1","168","81","168","104","","497","497","497","","","","","FAM23285_1K_00136","FAM8102_1K_00145"
"group_2697","","hypothetical protein","2","2","1","168","80","168","105","","314","314","314","","","","","FAM23285_1K_00137","FAM8102_1K_00146"
"group_2698","","hypothetical protein","2","2","1","168","79","168","106","","239","239","239","","","","","FAM23285_1K_00139","FAM8102_1K_00148"
"group_2699","","hypothetical protein","2","2","1","168","78","168","107","","188","188","188","","","","","FAM23285_1K_00140","FAM8102_1K_00149"
"group_2700","","hypothetical protein","2","2","1","168","77","168","108","","518","518","518","","","","","FAM23285_1K_00142","FAM8102_1K_00151"
"group_2701","","hypothetical protein","2","2","1","168","76","168","109","","359","359","359","","","","","FAM23285_1K_00143","FAM8102_1K_00152"
"group_2702","","hypothetical protein","2","2","1","168","75","168","110","","395","395","395","","","","","FAM23285_1K_00144","FAM8102_1K_00153"
"group_2703","","hypothetical protein","2","2","1","168","74","168","111","","245","245","245","","","","","FAM23285_1K_00145","FAM8102_1K_00154"
"group_2704","","hypothetical protein","2","2","1","168","73","168","112","","239","239","239","","","","","FAM23285_1K_00146","FAM8102_1K_00155"
"group_2705","","hypothetical protein","2","2","1","168","72","168","113","","239","239","239","","","","","FAM23285_1K_00147","FAM8102_1K_00156"
"group_2706","","hypothetical protein","2","2","1","168","71","168","114","","590","590","590","","","","","FAM23285_1K_00148","FAM8102_1K_00157"
"group_2707","","hypothetical protein","2","2","1","168","70","168","115","","215","215","215","","","","","FAM23285_1K_00149","FAM8102_1K_00158"
"group_2708","","hypothetical protein","2","2","1","168","69","168","116","","734","734","734","","","","","FAM23285_1K_00150","FAM8102_1K_00159"
"group_2709","","hypothetical protein","2","2","1","168","68","168","117","","158","158","158","","","","","FAM23285_1K_00151","FAM8102_1K_00160"
"group_2710","","hypothetical protein","2","2","1","168","67","168","118","","236","236","236","","","","","FAM23285_1K_00152","FAM8102_1K_00161"
"group_2711","","hypothetical protein","2","2","1","168","66","168","119","","410","410","410","","","","","FAM23285_1K_00153","FAM8102_1K_00162"
"group_2712","","hypothetical protein","2","2","1","168","65","168","120","","338","338","338","","","","","FAM23285_1K_00154","FAM8102_1K_00163"
"group_2713","","hypothetical protein","2","2","1","168","64","168","121","","443","443","443","","","","","FAM23285_1K_00155","FAM8102_1K_00164"
"group_2714","","hypothetical protein","2","2","1","168","63","168","122","","695","695","695","","","","","FAM23285_1K_00156","FAM8102_1K_00165"
"group_2715","","hypothetical protein","2","2","1","168","62","168","123","","758","758","758","","","","","FAM23285_1K_00157","FAM8102_1K_00166"
"group_2716","","hypothetical protein","2","2","1","168","61","168","124","","251","251","251","","","","","FAM23285_1K_00158","FAM8102_1K_00167"
"group_2717","","hypothetical protein","2","2","1","168","60","168","125","","371","371","371","","","","","FAM23285_1K_00159","FAM8102_1K_00168"
"group_2718","","hypothetical protein","2","2","1","168","59","168","126","","635","635","635","","","","","FAM23285_1K_00160","FAM8102_1K_00169"
"group_2719","","hypothetical protein","2","2","1","168","58","168","127","","179","179","179","","","","","FAM23285_1K_00161","FAM8102_1K_00170"
"group_2720","","hypothetical protein","2","2","1","168","57","168","128","","293","293","293","","","","","FAM23285_1K_00162","FAM8102_1K_00171"
"group_2721","","hypothetical protein","2","2","1","168","56","168","129","","239","239","239","","","","","FAM23285_1K_00163","FAM8102_1K_00172"
"group_2722","","hypothetical protein","2","2","1","168","55","168","130","","167","167","167","","","","","FAM23285_1K_00164","FAM8102_1K_00173"
"group_2723","","hypothetical protein","2","2","1","168","54","168","131","","329","329","329","","","","","FAM23285_1K_00165","FAM8102_1K_00174"
"group_2724","","hypothetical protein","2","2","1","168","53","168","132","","248","248","248","","","","","FAM23285_1K_00166","FAM8102_1K_00175"
"group_2725","","hypothetical protein","2","2","1","168","52","168","133","","347","347","347","","","","","FAM23285_1K_00167","FAM8102_1K_00176"
"group_2726","","hypothetical protein","2","2","1","168","51","168","134","","404","404","404","","","","","FAM23285_1K_00168","FAM8102_1K_00177"
"group_2727","","hypothetical protein","2","2","1","168","50","168","135","","818","818","818","","","","","FAM23285_1K_00169","FAM8102_1K_00178"
"group_2728","","hypothetical protein","2","2","1","168","49","168","136","","1109","1109","1109","","","","","FAM23285_1K_00170","FAM8102_1K_00179"
"group_2730","","hypothetical protein","2","2","1","85","1","78","1","Investigate","212","212","212","","","","","FAM23285_1K_02179","FAM8102_1K_02217"
"group_274","","hypothetical protein","2","2","1","83","1","84","1","Investigate","311","389","350","","","","","FAM23285_1K_01707","FAM8102_1K_01847"
"group_2808","","hypothetical protein","2","2","1","102","1","94","2","Investigate","149","149","149","","","FAM19191_1K_01591","","","FAM8102_1K_01641"
"group_286","","hypothetical protein","2","2","1","141","4","137","4","","233","233","233","","","FAM19191_1K_00645","","","FAM8102_1K_00776"
"group_2970","","hypothetical protein","2","2","1","128","3","133","4","","506","506","506","","","FAM19191_1K_02122","","","FAM8102_1K_02185"
"group_2971","","hypothetical protein","2","2","1","88","1","73","1","Investigate","506","506","506","","","FAM19191_1K_02137","","","FAM8102_1K_02222"
"group_2973","","hypothetical protein","2","2","1","153","6","153","8","","506","506","506","","","","","FAM23285_1K_01611","FAM8102_1K_01413"
"group_2974","","hypothetical protein","2","2","1","82","1","82","1","Investigate","506","506","506","","","","","FAM23285_1K_01678","FAM8102_1K_01832"
"group_2976","","hypothetical protein","2","2","1","84","1","88","2","Investigate","506","506","506","","","","","FAM23285_1K_02131","FAM8102_1K_02176"
"group_32","","hypothetical protein","2","2","1","131","1","130","4","","788","788","788","","","FAM19191_1K_01825","","","FAM8102_1K_01929"
"group_335","","hypothetical protein","2","2","1","149","4","150","3","","416","416","416","","","FAM19191_1K_01616","","","FAM8102_1K_01675"
"group_35","","hypothetical protein","2","2","1","105","2","101","3","","1190","1190","1190","","","FAM19191_1K_01327","","","FAM8102_1K_01229"
"group_350","","hypothetical protein","2","2","1","131","3","130","3","","137","137","137","","","FAM19191_1K_01826","","","FAM8102_1K_01930"
"group_36","","hypothetical protein","2","2","1","132","4","132","5","","242","242","242","","","FAM19191_1K_01736","","","FAM8102_1K_01839"
"group_361","","hypothetical protein","2","2","1","166","1","166","10","","530","530","530","","","FAM19191_1K_00200","","","FAM8102_1K_00328"
"group_384","","hypothetical protein","2","2","1","66","1","85","1","Investigate","419","419","419","","","FAM19191_1K_02141","","","FAM8102_1K_02226"
"group_4","","hypothetical protein","2","2","1","65","1","80","1","Investigate","503","503","503","","","FAM19191_1K_02179","","","FAM8102_1K_02277"
"group_432","","hypothetical protein","2","2","1","100","1","106","2","Investigate","254","281","267","","","FAM19191_1K_02032","","FAM23285_1K_02067",""
"group_433","","hypothetical protein","2","2","1","100","2","106","1","Investigate","254","254","254","","","FAM19191_1K_02031","","","FAM8102_1K_02117"
"group_476","","hypothetical protein","2","2","1","86","1","77","1","Investigate","458","458","458","","","FAM19191_1K_01837","","FAM23285_1K_01855",""
"group_502","","hypothetical protein","2","2","1","70","1","68","1","Investigate","344","356","350","","","FAM19191_1K_01945","","FAM23285_1K_02247",""
"group_514","","hypothetical protein","2","2","1","79","1","70","1","Investigate","155","155","155","","","FAM19191_1K_02017","","","FAM8102_1K_02097"
"group_55","","hypothetical protein","2","2","1","140","1","138","4","","425","425","425","","","FAM19191_1K_01365","","FAM23285_1K_01305",""
"group_556","","hypothetical protein","2","2","1","146","4","141","4","","608","608","608","","","FAM19191_1K_01029","","","FAM8102_1K_01155"
"group_566","","hypothetical protein","2","2","1","148","5","147","1","","326","326","326","","","","","FAM23285_1K_00915","FAM8102_1K_01003"
"group_575","","hypothetical protein","2","2","1","104","1","116","2","Investigate","140","140","140","","","","","FAM23285_1K_01920","FAM8102_1K_01766"
"group_588","","hypothetical protein","2","2","1","168","3","168","3","","1121","1121","1121","","","FAM19191_1K_00008","","","FAM8102_1K_00008"
"group_61","","hypothetical protein","2","2","1","84","2","88","1","Investigate","1277","1277","1277","","","","","FAM23285_1K_02132","FAM8102_1K_02177"
"group_709","","hypothetical protein","2","2","1","163","7","163","7","","413","413","413","","","","","FAM23285_1K_00249","FAM8102_1K_00262"
"group_72","","hypothetical protein","2","2","1","136","1","136","3","","1034","1034","1034","","","FAM19191_1K_01911","","","FAM8102_1K_02016"
"group_74","","hypothetical protein","2","2","1","136","2","136","2","","236","236","236","","","FAM19191_1K_01910","","","FAM8102_1K_02015"
"group_801","","hypothetical protein","2","2","1","80","1","81","1","Investigate","164","164","164","","","FAM19191_1K_00366","","","FAM8102_1K_00498"
"group_82","","hypothetical protein","2","2","1","69","2","72","1","Investigate","401","401","401","","","FAM19191_1K_02114","","FAM23285_1K_02153",""
"group_827","","hypothetical protein","2","2","1","125","2","104","2","Investigate","329","329","329","","","FAM19191_1K_01718","","FAM23285_1K_01687",""
"group_86","","hypothetical protein","2","2","1","68","1","83","1","Investigate","1406","1406","1406","","","","","FAM23285_1K_02235","FAM8102_1K_02259"
"sph_2","","Oleate hydratase","2","2","1","133","2","127","1","","359","359","359","","","FAM19191_1K_00477","","","FAM8102_1K_00528"
"yheI_2","","putative multidrug resistance ABC transporter ATP-binding/permease protein YheI","2","2","1","138","6","145","6","","170","830","500","","","","","FAM23285_1K_02244","FAM8102_1K_02265"
"group_101","","hypothetical protein","1","1","1","126","2","92","2","Investigate","161","161","161","","","","","FAM23285_1K_00887",""
"group_103","","hypothetical protein","1","1","1","155","6","155","6","","758","758","758","","","","","FAM23285_1K_00173",""
"group_117","","hypothetical protein","1","1","1","105","1","101","1","","227","227","227","","","FAM19191_1K_01328","","",""
"group_121","","hypothetical protein","1","1","1","163","12","163","2","","500","500","500","","","FAM19191_1K_00455","","",""
"dxs_1","","1-deoxy-D-xylulose-5-phosphate synthase","1","1","1","","","","","","554","554","554","","","FAM19191_1K_01313","","",""
"group_13","","hypothetical protein","1","1","1","12","1","8","1","Investigate","1088","1088","1088","","","","","FAM23285_1K_01742",""
"group_1353","","hypothetical protein","1","1","1","34","1","17","1","Investigate","374","374","374","","","FAM19191_1K_02190","","",""
"group_148","","hypothetical protein","1","1","1","134","4","134","2","","203","203","203","","","","","FAM23285_1K_02022",""
"group_157","","hypothetical protein","1","1","1","156","10","157","1","","341","341","341","","","","","","FAM8102_1K_01329"
"yheI_1","","putative multidrug resistance ABC transporter ATP-binding/permease protein YheI","1","1","1","","","","","","830","830","830","","","","","FAM23285_1K_02245",""
"group_165","","hypothetical protein","1","1","1","138","4","145","4","","170","170","170","","","","","","FAM8102_1K_02264"
"yheI_2","","putative multidrug resistance ABC transporter ATP-binding/permease protein YheI","1","1","1","138","6","145","6","","830","830","830","","","FAM19191_1K_02171","","",""
"group_169","","hypothetical protein","1","1","1","138","3","145","3","","170","170","170","","","FAM19191_1K_02170","","",""
"group_177","malP_2","PTS system maltose-specific EIICB component","1","1","1","159","1","159","5","","398","398","398","","","FAM19191_1K_01218","","",""
"group_178","","hypothetical protein","1","1","1","159","11","159","9","","194","194","194","","","","","FAM23285_1K_01175",""
"group_192","","Calcium-transporting ATPase 1","1","1","1","64","1","22","1","Investigate","962","962","962","","","","","","FAM8102_1K_01178"
"group_193","","Calcium-transporting ATPase 1","1","1","1","24","1","41","1","Investigate","962","962","962","","","FAM19191_1K_01140","","",""
"group_194","","Calcium-transporting ATPase 1","1","1","1","61","2","46","1","Investigate","962","962","962","","","","","FAM23285_1K_01065",""
"group_211","","hypothetical protein","1","1","1","132","5","132","2","","446","446","446","","","","","","FAM8102_1K_01834"
"group_212","","hypothetical protein","1","1","1","132","1","132","1","","359","359","359","","","","","","FAM8102_1K_01833"
"group_213","","hypothetical protein","1","1","1","132","3","132","4","","446","446","446","","","FAM19191_1K_01731","","",""
"group_214","","hypothetical protein","1","1","1","132","2","132","3","","359","359","359","","","FAM19191_1K_01730","","",""
"group_215","","hypothetical protein","1","1","1","45","2","45","2","Investigate","446","446","446","","","","","FAM23285_1K_01804",""
"group_216","","hypothetical protein","1","1","1","45","1","45","1","Investigate","359","359","359","","","","","FAM23285_1K_01803",""
"group_240","","hypothetical protein","1","1","1","134","3","134","6","","581","581","581","","","FAM19191_1K_02001","","",""
"group_2408","","hypothetical protein","1","1","1","163","11","163","1","","254","254","254","","","FAM19191_1K_00456","","",""
"group_241","","hypothetical protein","1","1","1","134","2","134","1","","581","581","581","","","","","","FAM8102_1K_02081"
"group_243","","hypothetical protein","1","1","1","134","6","134","4","","617","617","617","","","","","FAM23285_1K_02024",""
"group_244","","hypothetical protein","1","1","1","134","1","134","3","","581","581","581","","","","","FAM23285_1K_02025",""
"group_2495","","hypothetical protein","1","1","1","52","2","42","1","Investigate","1190","1190","1190","","","FAM19191_1K_01644","","",""
"group_2496","","hypothetical protein","1","1","1","52","1","42","2","Investigate","194","194","194","","","FAM19191_1K_01648","","",""
"group_25","","hypothetical protein","1","1","1","16","1","12","1","Investigate","233","233","233","","","FAM19191_1K_02187","","",""
"group_250","","hypothetical protein","1","1","1","96","1","107","1","Investigate","185","185","185","","","","","FAM23285_1K_01983",""
"group_2514","","hypothetical protein","1","1","1","152","6","151","3","","1223","1223","1223","","","FAM19191_1K_01962","","",""
"group_252","","hypothetical protein","1","1","1","147","3","148","1","","428","428","428","","","","","FAM23285_1K_02113",""
"group_2547","","hypothetical protein","1","1","1","17","1","33","1","Investigate","158","158","158","","","FAM19191_1K_02181","","",""
"group_2548","","hypothetical protein","1","1","1","33","1","58","2","Investigate","197","197","197","","","FAM19191_1K_02183","","",""
"group_2549","","hypothetical protein","1","1","1","33","2","58","1","Investigate","668","668","668","","","FAM19191_1K_02184","","",""
"group_27","","hypothetical protein","1","1","1","28","1","5","1","Investigate","809","809","809","","","","","FAM23285_1K_02285",""
"group_2729","","hypothetical protein","1","1","1","152","4","151","5","","1223","1223","1223","","","","","FAM23285_1K_01846",""
"group_2731","","hypothetical protein","1","1","1","23","1","47","1","Investigate","1049","1049","1049","","","","","FAM23285_1K_02232",""
"group_2732","","hypothetical protein","1","1","1","54","2","3","1","Investigate","143","143","143","","","","","FAM23285_1K_02269",""
"group_2733","","hypothetical protein","1","1","1","54","1","3","2","Investigate","590","590","590","","","","","FAM23285_1K_02270",""
"group_2734","","hypothetical protein","1","1","1","58","1","39","1","Investigate","446","446","446","","","","","FAM23285_1K_02282",""
"group_2735","","hypothetical protein","1","1","1","1","1","51","1","Investigate","953","953","953","","","","","FAM23285_1K_02287",""
"group_2736","","hypothetical protein","1","1","1","11","1","20","2","Investigate","665","665","665","","","","","","FAM8102_1K_01279"
"group_2737","","hypothetical protein","1","1","1","11","2","20","1","Investigate","653","653","653","","","","","","FAM8102_1K_01284"
"group_2738","","hypothetical protein","1","1","1","160","8","160","4","","512","512","512","","","","","","FAM8102_1K_01760"
"group_2739","","hypothetical protein","1","1","1","44","1","55","1","Investigate","668","668","668","","","","","","FAM8102_1K_02266"
"group_2740","","hypothetical protein","1","1","1","25","1","28","1","Investigate","1253","1253","1253","","","","","","FAM8102_1K_02271"
"group_2741","","hypothetical protein","1","1","1","55","1","32","1","Investigate","590","590","590","","","","","","FAM8102_1K_02287"
"group_2742","","hypothetical protein","1","1","1","49","1","49","1","Investigate","542","542","542","","","","","","FAM8102_1K_02299"
"group_275","","hypothetical protein","1","1","1","158","8","158","4","","155","155","155","","","FAM19191_1K_01996","","",""
"group_276","","hypothetical protein","1","1","1","158","7","158","3","","155","155","155","","","FAM19191_1K_01997","","",""
"group_2784","","hypothetical protein","1","1","1","153","8","153","6","","224","224","224","","","FAM19191_1K_01378","","",""
"group_2785","","hypothetical protein","1","1","1","29","2","7","2","Investigate","224","224","224","","","FAM19191_1K_01746","","",""
"group_2786","","hypothetical protein","1","1","1","40","1","34","1","Investigate","224","224","224","","","FAM19191_1K_01834","","",""
"group_2787","","hypothetical protein","1","1","1","31","1","60","1","Investigate","224","224","224","","","FAM19191_1K_01900","","",""
"group_2788","","hypothetical protein","1","1","1","60","1","44","1","Investigate","224","224","224","","","FAM19191_1K_01928","","",""
"group_2789","","hypothetical protein","1","1","1","15","1","30","1","Investigate","224","224","224","","","FAM19191_1K_02100","","",""
"group_28","","hypothetical protein","1","1","1","37","1","57","1","Investigate","701","701","701","","","","","FAM23285_1K_02283",""
"group_2837","","hypothetical protein","1","1","1","95","1","117","1","Investigate","230","230","230","","","","","FAM23285_1K_00888",""
"group_2838","","hypothetical protein","1","1","1","2","1","19","1","Investigate","230","230","230","","","","","FAM23285_1K_01963",""
"group_2839","","hypothetical protein","1","1","1","13","1","16","1","Investigate","230","230","230","","","","","FAM23285_1K_02058",""
"group_284","","hypothetical protein","1","1","1","141","1","137","2","","233","233","233","","","","","FAM23285_1K_01793",""
"group_2840","","hypothetical protein","1","1","1","8","1","31","1","Investigate","230","230","230","","","","","FAM23285_1K_02112",""
"group_2841","","hypothetical protein","1","1","1","69","1","72","2","Investigate","230","230","230","","","","","FAM23285_1K_02150",""
"group_2842","","hypothetical protein","1","1","1","130","1","129","1","","230","230","230","","","","","FAM23285_1K_02240",""
"group_2843","","hypothetical protein","1","1","1","156","3","157","9","","230","230","230","","","","","FAM23285_1K_02262",""
"group_2968","","hypothetical protein","1","1","1","19","1","43","1","Investigate","506","506","506","","","","","","FAM8102_1K_02019"
"group_2972","","hypothetical protein","1","1","1","22","1","61","1","Investigate","506","506","506","","","","","FAM23285_1K_00847",""
"group_2975","","hypothetical protein","1","1","1","5","1","48","1","Investigate","506","506","506","","","","","FAM23285_1K_01937",""
"group_2977","","hypothetical protein","1","1","1","148","1","147","5","","506","506","506","","","","","","FAM8102_1K_01848"
"group_2978","","hypothetical protein","1","1","1","42","1","40","1","Investigate","506","506","506","","","","","","FAM8102_1K_01908"
"group_2979","","hypothetical protein","1","1","1","30","1","1","2","Investigate","506","506","506","","","","","","FAM8102_1K_01975"
"group_30","","hypothetical protein","1","1","1","156","7","157","7","Hypothetical protein with no hits to refseq/uniprot/clusters/cdd/tigrfams/pfam overlapping another protein with hits","266","266","266","","","","","FAM23285_1K_02265",""
"group_31","","hypothetical protein","1","1","1","63","1","24","1","Investigate","1052","1052","1052","","","","","FAM23285_1K_02279",""
"group_311","","hypothetical protein","1","1","1","150","1","149","2","","320","320","320","","","","","","FAM8102_1K_00469"
"group_317","","hypothetical protein","1","1","1","56","1","2","1","Investigate","218","218","218","","","","","FAM23285_1K_02144",""
"group_318","","hypothetical protein","1","1","1","56","2","2","2","Investigate","1247","1247","1247","","","","","FAM23285_1K_02145",""
"group_319","","hypothetical protein","1","1","1","128","4","133","2","","218","218","218","","","FAM19191_1K_02124","","",""
"group_320","","hypothetical protein","1","1","1","128","5","133","3","","1247","1247","1247","","","FAM19191_1K_02123","","",""
"group_324","","hypothetical protein","1","1","1","128","1","133","1","","218","218","218","","","","","","FAM8102_1K_02187"
"group_325","","hypothetical protein","1","1","1","128","2","133","5","","1247","1247","1247","","","","","","FAM8102_1K_02186"
"group_334","","hypothetical protein","1","1","1","149","3","150","2","","416","416","416","","","","","FAM23285_1K_01520",""
"group_338","","hypothetical protein","1","1","1","70","2","68","2","Investigate","221","221","221","","","","","FAM23285_1K_02250",""
"group_339","","hypothetical protein","1","1","1","18","1","54","1","Investigate","869","869","869","","","FAM19191_1K_02193","","",""
"group_340","","hypothetical protein","1","1","1","39","1","37","1","Investigate","221","221","221","","","","","","FAM8102_1K_02269"
"group_349","","hypothetical protein","1","1","1","36","2","6","1","Investigate","137","137","137","","","","","FAM23285_1K_01946",""
"group_356","","hypothetical protein","1","1","1","131","2","130","2","","341","341","341","","","FAM19191_1K_01829","","",""
"group_357","","hypothetical protein","1","1","1","131","4","130","1","","341","341","341","","","","","","FAM8102_1K_01933"
"group_358","","hypothetical protein","1","1","1","36","1","6","2","Investigate","341","341","341","","","","","FAM23285_1K_01949",""
"group_363","","hypothetical protein","1","1","1","43","1","38","1","Investigate","530","530","530","","","","","FAM23285_1K_00664",""
"group_38","","hypothetical protein","1","1","1","3","1","23","1","Investigate","476","476","476","","","FAM19191_1K_02129","","",""
"group_382","","hypothetical protein","1","1","1","32","1","59","1","Investigate","419","419","419","","","","","FAM23285_1K_02196",""
"group_386","","hypothetical protein","1","1","1","153","2","153","1","","320","320","320","","","","","","FAM8102_1K_01427"
"group_387","","hypothetical protein","1","1","1","153","1","153","2","","320","320","320","","","FAM19191_1K_01392","","",""
"group_388","","hypothetical protein","1","1","1","153","3","153","3","","320","320","320","","","","","FAM23285_1K_01878",""
"group_39","","hypothetical protein","1","1","1","156","1","157","2","","1190","1190","1190","","","FAM19191_1K_01089","","",""
"group_40","","hypothetical protein","1","1","1","10","1","35","1","Investigate","374","374","374","","","FAM19191_1K_01050","","",""
"group_407","","hypothetical protein","1","1","1","133","4","127","2","","719","719","719","","","","","FAM23285_1K_00369",""
"group_409","","hypothetical protein","1","1","1","26","1","29","1","Investigate","719","719","719","","","","","","FAM8102_1K_02295"
"group_41","","hypothetical protein","1","1","1","137","5","143","2","","179","179","179","","","FAM19191_1K_02039","","",""
"group_417","","hypothetical protein","1","1","1","21","1","26","1","Investigate","605","605","605","","","FAM19191_1K_02052","","",""
"group_418","","hypothetical protein","1","1","1","6","1","14","1","Investigate","605","605","605","","","","","FAM23285_1K_02119",""
"group_420","","hypothetical protein","1","1","1","57","1","21","1","Investigate","605","605","605","","","","","","FAM8102_1K_02127"
"group_45","","hypothetical protein","1","1","1","86","2","77","2","Investigate","1277","1277","1277","","","FAM19191_1K_01838","","",""
"group_468","","hypothetical protein","1","1","1","9","1","53","1","Investigate","332","332","332","","","","","FAM23285_1K_01722",""
"group_469","","hypothetical protein","1","1","1","20","1","27","1","Investigate","332","332","332","","","FAM19191_1K_01776","","",""
"group_471","","hypothetical protein","1","1","1","62","1","11","1","Investigate","332","332","332","","","","","","FAM8102_1K_01871"
"group_492","","hypothetical protein","1","1","1","14","1","10","1","Investigate","422","422","422","","","","","FAM23285_1K_02226",""
"group_493","","hypothetical protein","1","1","1","14","2","10","2","Investigate","416","416","416","","","","","FAM23285_1K_02227",""
"group_494","","hypothetical protein","1","1","1","35","1","50","2","Investigate","422","422","422","","","","","","FAM8102_1K_02239"
"group_495","","hypothetical protein","1","1","1","35","2","50","1","Investigate","416","416","416","","","","","","FAM8102_1K_02238"
"group_498","","hypothetical protein","1","1","1","129","3","128","3","","422","422","422","","","FAM19191_1K_01132","","",""
"group_499","","hypothetical protein","1","1","1","129","2","128","1","","416","416","416","","","FAM19191_1K_01133","","",""
"group_5","","hypothetical protein","1","1","1","50","1","52","1","Investigate","503","503","503","","","","","FAM23285_1K_02192",""
"group_503","","hypothetical protein","1","1","1","127","2","131","1","","356","356","356","","","FAM19191_1K_00602","","",""
"group_513","","hypothetical protein","1","1","1","4","1","15","1","Investigate","155","155","155","","","","","FAM23285_1K_02042",""
"group_539","","hypothetical protein","1","1","1","48","1","56","1","Investigate","233","233","233","","","","","FAM23285_1K_01956",""
"group_540","","hypothetical protein","1","1","1","31","2","60","2","Investigate","233","233","233","","","FAM19191_1K_01903","","",""
"group_541","","hypothetical protein","1","1","1","30","2","1","1","Investigate","233","233","233","","","","","","FAM8102_1K_01978"
"group_555","","hypothetical protein","1","1","1","146","1","141","1","","608","608","608","","","","","FAM23285_1K_01104",""
"group_56","","hypothetical protein","1","1","1","140","4","138","1","","425","425","425","","","","","","FAM8102_1K_01412"
"group_577","","hypothetical protein","1","1","1","41","1","36","1","Investigate","143","143","143","","","FAM19191_1K_01293","","",""
"group_582","","hypothetical protein","1","1","1","150","6","149","3","","167","167","167","","","","","FAM23285_1K_00443",""
"group_583","","hypothetical protein","1","1","1","150","4","149","4","","167","167","167","","","FAM19191_1K_00341","","",""
"group_6","","hypothetical protein","1","1","1","137","2","143","5","","956","956","956","","","","","","FAM8102_1K_01950"
"group_612","","hypothetical protein","1","1","1","154","2","154","3","","152","152","152","","","FAM19191_1K_01563","","",""
"group_613","","hypothetical protein","1","1","1","154","1","154","2","","152","152","152","","","","","","FAM8102_1K_01586"
"group_614","","hypothetical protein","1","1","1","154","7","154","4","","152","152","152","","","","","FAM23285_1K_01507",""
"sph_2","","Oleate hydratase","1","1","1","133","2","127","1","","359","359","359","","","","","FAM23285_1K_00336",""
"group_62","","hypothetical protein","1","1","1","53","1","4","1","Investigate","1139","1139","1139","","","","","","FAM8102_1K_02206"
"group_670","","hypothetical protein","1","1","1","159","4","159","3","","134","134","134","","","FAM19191_1K_01222","","",""
"group_671","","hypothetical protein","1","1","1","159","3","159","1","","134","134","134","","","","","","FAM8102_1K_01258"
"group_672","","hypothetical protein","1","1","1","159","2","159","2","","134","134","134","","","","","FAM23285_1K_01181",""
"group_685","","hypothetical protein","1","1","1","123","3","89","3","","155","155","155","","","","","","FAM8102_1K_02153"
"group_686","","hypothetical protein","1","1","1","123","1","89","1","","155","155","155","","","","","FAM23285_1K_02057",""
"group_706","","hypothetical protein","1","1","1","163","13","163","3","","413","413","413","","","FAM19191_1K_00452","","",""
"group_71","","hypothetical protein","1","1","1","38","1","13","1","Investigate","1406","1406","1406","","","FAM19191_1K_02159","","",""
"group_73","","hypothetical protein","1","1","1","59","1","63","1","Investigate","1406","1406","1406","","","FAM19191_1K_02158","","",""
"group_766","","hypothetical protein","1","1","1","12","2","8","2","Investigate","143","143","143","","","","","FAM23285_1K_01741",""
"group_767","","hypothetical protein","1","1","1","47","1","62","1","Investigate","143","143","143","","","","","","FAM8102_1K_01859"
"group_770","","hypothetical protein","1","1","1","51","1","25","1","Investigate","143","143","143","","","FAM19191_1K_01756","","",""
"group_784","","hypothetical protein","1","1","1","112","1","100","1","Investigate","236","236","236","","","","","FAM23285_1K_02204",""
"group_8","","hypothetical protein","1","1","1","137","3","143","4","","179","179","179","","","","","","FAM8102_1K_01949"
"group_800","","hypothetical protein","1","1","1","7","1","18","1","Investigate","164","164","164","","","","","FAM23285_1K_01171",""
"group_838","","hypothetical protein","1","1","1","167","39","167","1","","263","263","263","","","","","","FAM8102_1K_00574"
"group_84","","hypothetical protein","1","1","1","61","1","46","2","Investigate","971","971","971","","","","","FAM23285_1K_01082",""
"group_85","","hypothetical protein","1","1","1","27","1","64","1","Investigate","1406","1406","1406","","","","","","FAM8102_1K_02253"
"group_97","","hypothetical protein","1","1","1","160","7","160","3","","1178","1178","1178","","","FAM19191_1K_01571","","",""
"group_98","","hypothetical protein","1","1","1","46","1","9","1","Investigate","278","278","278","","","","","","FAM8102_1K_02294"
"pepT_3","","Peptidase T","1","1","1","29","1","7","1","Investigate","386","386","386","","","FAM19191_1K_01742","","",""
